Player Name,Username
Rafael Nadal,rafaelnadal
Roger Federer,rogerfederer
Novak Djokovic,djokernole
Juan Martin del Potro,delpotrojuan
Andy Murray,andymurray
Nick Kyrgios,k1ngkyrg1os
Stan Wawrinka,stanwawrinka85
Grigor Dimitrov,grigordimitrov
Alexander Zverev,alexzverev123
Dominic Thiem,domithiem
Kei Nishikori,keinishikori
Stefanos Tsitsipas,stefanostsitsipas98
Gael Monfils,iamgaelmonfils
Tomas Berdych,tomasberdych
Milos Raonic,mraonic
Fabio Fognini,fabiofogna
Diego Sebastian Schwartzman,dieschwartzman
Denis Shapovalov,denis.shapovalov
Fernando Verdasco,FerVerdasco
David Goffin,David__Goffin
Feliciano Lopez,felilopezoficial
Borna Coric,bornacoric
Marin Čilić,marincilic
John Isner,johnrisner
Lucas Pouille,lucaspouille
Benoit Paire,benpaire
Richard Gasquet,richardgasquet34
Hyeon Chung,hyeon519
Kevin Anderson,kandersonatp
Karen Khachanov,karenkhachanov
Alex De Minaur,alexdeminaur
Frances Tiafoe,bigfoe1998
Marco Cecchinato,ceck1
Guido Pella,guido_pella
Pierre-Hugues Herbert,pierrehuguesherbert
Kyle Edmund,kyle.edmund
Vasek Pospisil,vasek.pospisil
Taylor Fritz,Taylor_Fritz
Nico Jarry,nicojarry
Jeremy Chardy,jimchardy
Pablo Carreño,pablo_carreno_
João Sousa,joaosousaoficial
Andreas Seppi,andyseppio
Roberto Bautista Agut,robertobautistaagut
Mischa Zverev,mischazverevofficial
Medvedev Daniil,medwed33
Pablo Cuevas,pablocuevas86
Malek Jaziri,jazirimalek
Cristian Garin,garincris
Nikoloz Basilashvili,nikolozbasilashvili
Damir Dzumhur,damirdzumhur
Sam Querrey,samquerrey
Ivo Karlovic,ivokarlovic
John Millman,johnnyhm
Steve Johnson,steviej345
Fucsovics Marton,fucsovicsmarci
Filip Krajinović,krajinovic_filip
Matt Ebden,matt_ebden
Ryan Harrison,ryan.harrison92
Pablo Andujar,pabloandujaroficial
Matteo Berrettini,matberrettini
Taro Daniel,tarodaniel
Marius Copil,marius_copil
Jaume Muna,munarclar
Albert Ramos Viñolas,albertramosvinolas
Robin Haase,robin_haase
Dusan Lajovic,dutzee
Denis Kudla,deniskudla
Mackenzie McDonald,mackiemacster
Cameron Norrie,norriee
Federico Delbonis,FedeDelbonis
Aljaz Bedene,aljazbedene
Jordan Thompson,jordanthompson2004
Reilly Opelka,reillyopelka
Yoshihito Nishioka,yoshihito0927
Adrian Mannarino,AdrianMannarino
Thomas Fabbiano,thommy_fabs
Jiri Vesely,veselyjiri
Maximilian Marterer,maxi_marterer
Tennys Sandgren,tsandgren7
Bernard Tomic,bernard_tomic
Evgeny Donskoy,edonskoy
Guido Andreozzi,guidoandreozzi
Mirza Basic,mirzabasic91
Hubert Hurkacz,HubiHurkacz
Roberto Carballes Baena,robertocarballes
Ugo Humbert,ugohumbert
Mikhail Kukushkin,kukushkin_mikhail
Laslo Djere,lacidj_95
Peter Gojowczyk,peter.gojowczyk
Ilya Ivashka,ilyaivashka
Lloyd Harris,lloydharris24
Martin Klizan,martinklizan_official
Bradley Klahn,bradleyklahn
Radu Albot,radu.albot11
Jozef Kovalik,jozefkovalik
Ernests Gulbis,ernestsgulbiss
Carlos Alcaraz Garfia,carlitosalcarazz
Jannik Sinner,janniksin
Andrey Rublev, andreyrublev
Holger Vitus Nodskov Rune,holgerrune
Casper Ruud,casperruud
Tommy Paul,tommypaull
Ben Shelton,benshelton
Francisco Cerundolo,francerundolo
Tallon Griekspoor,tallongrieki
Sebastian Korda,sebastiankorda
Jan Lennard Struff,jl_struff
Alejandro Davidovich Fokina,aledavidovichofficial
Lorenzo Musetti,lore_musetti
Sebastian Baez,sebastianbaez1
Felix Auger Aliassime,felixaliassime
Alexander Bublik,bublik
Christopher Eubanks,chris_eubanks96
Aslan Karatsev,karatsev93
Arthur Fils,arthur.fils
Mackenzie Mcdonald,mackiemacster
Lorenzo Sonego,lorenzosonego